condition,accuracy,mean_trust,mean_insertion,n,baseline_acc,baseline_f1
blur,0.525,0.2984,0.2733,80,,
clean,0.8375,0.6488,0.5788,80,0.8477272727272728,0.7339135067090902
exposure,0.575,0.605,0.5706,80,,
