{
  "good": {
    "precision": 0.9760383386581469,
    "recall": 0.48300395256916995,
    "f1-score": 0.6462189317821259,
    "support": 1265.0
  },
  "usable": {
    "precision": 0.07407407407407407,
    "recall": 0.014760147601476014,
    "f1-score": 0.024615384615384615,
    "support": 271.0
  },
  "reject": {
    "precision": 0.28559533721898417,
    "recall": 0.9942028985507246,
    "f1-score": 0.44372574385511,
    "support": 345.0
  },
  "accuracy": 0.5093035619351409,
  "macro avg": {
    "precision": 0.4452359166504017,
    "recall": 0.4973223329071235,
    "f1-score": 0.3715200200842068,
    "support": 1881.0
  },
  "weighted avg": {
    "precision": 0.7194539945864857,
    "recall": 0.5093035619351409,
    "f1-score": 0.5195231789288525,
    "support": 1881.0
  }
}