{
  "resnet50": {
    "lr": 0.0006458499936050558,
    "wd": 3.119722901430389e-06,
    "mixup": 0.11124147055762962,
    "ls": 0.04784979113507124,
    "gamma": 0.5716100710856751,
    "warmup": 2
  },
  "efficientnet_b3": {
    "lr": 0.0009155441550343951,
    "wd": 0.00029072749410199013,
    "mixup": 0.4289266293256323,
    "ls": 0.12581766281516746,
    "gamma": 1.8412185689003941,
    "warmup": 5
  },
  "vit_base": {
    "lr": 0.0007233732408727072,
    "wd": 1.313072836041e-05,
    "mixup": 0.3033665308295741,
    "ls": 0.0019257323843503982,
    "gamma": 2.9726843225972184,
    "warmup": 3,
    "llrd": 0.6655461233242125
  }
}