{
  "good": {
    "precision": 0.9347990902198635,
    "recall": 0.9558139534883721,
    "f1-score": 0.9451897278650824,
    "support": 1290.0
  },
  "usable": {
    "precision": 0.8315132605304212,
    "recall": 0.803921568627451,
    "f1-score": 0.8174846625766872,
    "support": 663.0
  },
  "reject": {
    "precision": 0.8951781970649895,
    "recall": 0.8822314049586777,
    "f1-score": 0.8886576482830385,
    "support": 484.0
  },
  "accuracy": 0.8998768978251949,
  "macro avg": {
    "precision": 0.8871635159384247,
    "recall": 0.880655642358167,
    "f1-score": 0.8837773462416028,
    "support": 2437.0
  },
  "weighted avg": {
    "precision": 0.8988306793166795,
    "recall": 0.8998768978251949,
    "f1-score": 0.899219278622606,
    "support": 2437.0
  }
}